_id,term,frequency,kb_id,type
67118a08a620e436ef12a754,illinois,951,,LOC
67118a08a620e436ef12a75e,delvan rochelle,6,,LOC
67118a08a620e436ef12a834,miscel,1767,,LOC
67118a08a620e436ef12a842,dist,1539,,LOC
67118a08a620e436ef12a87b,mt. clare yd,15,,LOC
67118a08a620e436ef12a890,yard helper,630,,LOC
67118a08a620e436ef12a896,boyce,21,,LOC
67118a08a620e436ef12a93c,buffalo creek,51,,LOC
67118a08a620e436ef12a94f,trans increas rele,3,,LOC
67118a08a620e436ef12aae8,laborer shop,210,,LOC
67118a08a620e436ef12ab63,"rs591
.49",3,,LOC
67118a08a620e436ef12ac37,furld,312,,LOC
67118a08a620e436ef12ac53,south end,75,,LOC
67118a08a620e436ef12aca3,"curtis bay
rate",3,,LOC
67118a08a620e436ef12ad5c,mars,18,,LOC
67118a08a620e436ef12ae25,east end baltimore division,27,,LOC
67118a08a620e436ef12ae45,mrpt,3,,LOC
67118a08a620e436ef12ae94,youngstown,240,,LOC
67118a08a620e436ef12aeb8,east end-,15,,LOC
67118a08a620e436ef12aeba,the west end-baltimore division,6,,LOC
67118a08a620e436ef12aef3,"04.113 r3.00
",3,,LOC
67118a08a620e436ef12afe9,laborer-f-s.,3,,LOC
67118a08a620e436ef12b015,r.o,6,,LOC
67118a08a620e436ef12b074,aggr,294,,LOC
67118a08a620e436ef12b080,east salamanca,39,,LOC
67118a08a620e436ef12b091,oil spur,3,,LOC
67118a08a620e436ef12b094,east shoals,6,,LOC
67118a08a620e436ef12b0bf,"mt. pleasant
rate",3,,LOC
67118a08a620e436ef12b0c0,mt. pleasant,6,,LOC
67118a08a620e436ef12b0c2,l.f.,9,,LOC
67118a08a620e436ef12b156,mt. st.,3,,LOC
67118a08a620e436ef12b18d,laborer youngstown,3,,LOC
67118a08a620e436ef12b19b,moundsville,63,,LOC
67118a08a620e436ef12b19d,fairmont,906,,LOC
67118a08a620e436ef12b1f2,keyser,513,,LOC
67118a08a620e436ef12b21a,le fevre,3,,LOC
67118a08a620e436ef12b250,delcy louis p.,3,,LOC
67118a09a620e436ef12b28e,atlantic,24,,LOC
67118a09a620e436ef12b311,balto,291,,LOC
67118a09a620e436ef12b328,.56,144,,LOC
67118a09a620e436ef12b3ac,l 3 ocean left service,3,,LOC
67118a09a620e436ef12b3f4,"middle 
",3,,LOC
67118a09a620e436ef12b4d3,"balto reventually
rư-79",3,,LOC
67118a09a620e436ef12b4e0,shenahan,3,,LOC
67118a09a620e436ef12b508,north vernon,303,,LOC
67118a09a620e436ef12b6c5,nw,33,,LOC
67118a09a620e436ef12b78c,de intrierbol supv,3,,LOC
67118a09a620e436ef12b87a,purd,18,,LOC
67118a09a620e436ef12b893,.81,93,,LOC
67118a09a620e436ef12b8e9,philly turn,3,,LOC
67118a09a620e436ef12b96c,".53
",3,,LOC
67118a09a620e436ef12ba42,nb23023,3,,LOC
67118a09a620e436ef12bb23,"glenwood
o.",3,,LOC
67118a09a620e436ef12bbe3,acspl,132,,LOC
67118a09a620e436ef12bc69,mt. clare balto sta,3,,LOC
67118a09a620e436ef12bc91,south dayton,12,,LOC
67118a09a620e436ef12bdf4,yard helpr,3,,LOC
67118a09a620e436ef12be8f,coller,3,,LOC
67118a09a620e436ef12bebd,"laborer
truckman",3,,LOC
67118a09a620e436ef12bffd,the east end cumberland division,12,,LOC
67118a09a620e436ef12c0cf,"loc
fueld",3,,LOC
67118a09a620e436ef12c121,east end -,3,,LOC
67118a09a620e436ef12c126,east end - balto,3,,LOC
67118a09a620e436ef12c174,mt. clare jct,6,,LOC
67118a09a620e436ef12c1c0,mt. vernon,45,,LOC
67118a0aa620e436ef12c236,rscrd,3,,LOC
67118a0aa620e436ef12c2d5,"po co 
pond",3,,LOC
67118a0aa620e436ef12c301,elem,3,,LOC
67118a0aa620e436ef12c34b,west end-baltimore division,12,,LOC
67118a0aa620e436ef12c400,12- -65,3,,LOC
67118a0aa620e436ef12c457,cteva toledo,3,,LOC
67118a0aa620e436ef12c487,curtis bay,171,,LOC
67118a0aa620e436ef12c490,mill creek,18,,LOC
67118a0aa620e436ef12c4f9,mt.jewett,12,,LOC
67118a0aa620e436ef12c52a,wye,12,,LOC
67118a0aa620e436ef12c60e,"phillip
service",3,,LOC
67118a0aa620e436ef12c671,east,138,,LOC
67118a0aa620e436ef12c7b1,esttn,3,,LOC
67118a0aa620e436ef12c863,the new track,3,,LOC
67118a0aa620e436ef12c8b0,"w.o.
hlpr",3,,LOC
67118a0aa620e436ef12c8bd,gassaway,162,,LOC
67118a0aa620e436ef12c969,"signal helper
buffalo",3,,LOC
67118a0aa620e436ef12c985,pamrngcrnw s sturg,3,,LOC
67118a0aa620e436ef12c987,pocanintan,3,,LOC
67118a0aa620e436ef12c98c,west jet,3,,LOC
67118a0aa620e436ef12c993,greenfield,30,,LOC
67118a0aa620e436ef12caf3,"dubois
dubois",6,,LOC
67118a0aa620e436ef12caf7,elpr,27,,LOC
67118a0aa620e436ef12cb08,north siding road,3,,LOC
67118a0aa620e436ef12cbaa,pres coal,3,,LOC
67118a0aa620e436ef12cbff,central storage siding,3,,LOC
67118a0aa620e436ef12cc05,west virginia,1911,,LOC
67118a0aa620e436ef12cc5e,"hormanski
justyne",3,,LOC
67118a0aa620e436ef12cdc5,l	xxxx,3,,LOC
67118a0aa620e436ef12cde3,extr,21,,LOC
67118a0aa620e436ef12ce04,enqr,3,,LOC
67118a0aa620e436ef12ce7f,polise san,3,,LOC
67118a0aa620e436ef12d392,"fireman toledo
",6,,LOC
67118a0ba620e436ef12d467,north dayton,12,,LOC
67118a0ba620e436ef12d474,east dayton,39,,LOC
67118a0ba620e436ef12d535,sepc,3,,LOC
67118a0ba620e436ef12d59c,"laborer
park stn",3,,LOC
67118a0ba620e436ef12d602,"route
canal",3,,LOC
67118a0ba620e436ef12d6e5,east shore run,3,,LOC
67118a0ba620e436ef12d71a,coal dock attendant crooks,3,,LOC
67118a0ba620e436ef12d720,nunnvor ptrain,3,,LOC
67118a0ba620e436ef12d76b,pge,3,,LOC
67118a0ba620e436ef12d951,"location garrett
rate",3,,LOC
67118a0ba620e436ef12da1f,east end job,3,,LOC
67118a0ba620e436ef12db27,middle louis,3,,LOC
67118a0ba620e436ef12db3d,rop,3,,LOC
67118a0ba620e436ef12dbb6,cumberland terminal,3,,LOC
67118a0ba620e436ef12dc57,"yard helper
cumb",3,,LOC
67118a0ba620e436ef12dc97,blue island jct,3,,LOC
67118a0ba620e436ef12ddad,secy lake,3,,LOC
67118a0ba620e436ef12ddb0,eel lake,3,,LOC
67118a0ba620e436ef12ddc0,"new, river",3,,LOC
67118a0ba620e436ef12ddc1,n.c. river,3,,LOC
67118a0ba620e436ef12de45,mt. sv,3,,LOC
67118a0ba620e436ef12e024,"laborer
8-2-49",3,,LOC
67118a0ba620e436ef12e0c9,ct youngstown,9,,LOC
67118a0ba620e436ef12e17a,"birth
11-",3,,LOC
67118a0ba620e436ef12e225,park,18,,LOC
67118a0ba620e436ef12e288,chesapeake region,21,,LOC
67118a0ba620e436ef12e29d,"californai
occupation",3,,LOC
67118a0ca620e436ef12e710,mt. lake pk,9,,LOC
67118a0ca620e436ef12e714,mt.lake,3,,LOC
67118a0ca620e436ef12e779,the west sub-division,3,,LOC
67118a0ca620e436ef12e868,laborer chicago,9,,LOC
67118a0ca620e436ef12e8f4,east end storrs,6,,LOC
67118a0ca620e436ef12e907,south 104,3,,LOC
67118a0ca620e436ef12e97e,ct&v district,3,,LOC
67118a0ca620e436ef12e983,the ct&v district,3,,LOC
67118a0ca620e436ef12e98c,middle edward,9,,LOC
67118a0ca620e436ef12e996,asmd,9,,LOC
67118a0ca620e436ef12e9e6,west shore jct,3,,LOC
67118a0ca620e436ef12ea43,"brunsulek
bruswick",3,,LOC
67118a0ca620e436ef12ea4e,spl furld,12,,LOC
67118a0ca620e436ef12ec44,acgr,3,,LOC
67118a0ca620e436ef12ec4d,tygarts jct,3,,LOC
67118a0ca620e436ef12ed42,goehring for no.,3,,LOC
67118a0ca620e436ef12ede8,mndr,3,,LOC
67118a0ca620e436ef12ee2e,atlantic district line,3,,LOC
67118a0ca620e436ef12ee51,east columbus,9,,LOC
67118a0ca620e436ef12ee54,northwestern railroad,3,,LOC
67118a0ca620e436ef12eec7,wreckmaster,3,,LOC
67118a0ca620e436ef12ef1b,track,12,,LOC
67118a0ca620e436ef12ef4e,.47,24,,LOC
67118a0ca620e436ef12ef7e,asgn,12,,LOC
67118a0ca620e436ef12f0dd,the cl&w district,3,,LOC
67118a0ca620e436ef12f0e2,west hump,6,,LOC
67118a0ca620e436ef12f0ea,casparis,3,,LOC
67118a0ca620e436ef12f165,svs,30,,LOC
67118a0ca620e436ef12f1ae,mitt,3,,LOC
67118a0ca620e436ef12f339,gfle,3,,LOC
67118a0da620e436ef12f4dc,new appld,3,,LOC
67118a0da620e436ef12f4df,loaf mtl,3,,LOC
67118a0da620e436ef12f4f6,nexts east,3,,LOC
67118a0da620e436ef12f564,kew,12,,LOC
67118a0da620e436ef12f56d,mt. clare incap,3,,LOC
67118a0da620e436ef12f65c,north hanson,3,,LOC
67118a0da620e436ef12f67a,westward siding,6,,LOC
67118a0da620e436ef12f6c1,"helper s.w.
furl'd",3,,LOC
67118a0da620e436ef12f6c6,"helper s.w.
8-21-45",3,,LOC
67118a0da620e436ef12f78c,schoal,3,,LOC
67118a0da620e436ef12f827,ridgr,3,,LOC
67118a0da620e436ef12f8b4,harlem,3,,LOC
67118a0da620e436ef12f8b5,clas,6,,LOC
67118a0da620e436ef12f99b,reecohged,3,,LOC
67118a0da620e436ef12f9b0,l .65,3,,LOC
67118a0da620e436ef12f9dc,glenville,6,,LOC
67118a0da620e436ef12fa68,gulf,6,,LOC
67118a0da620e436ef12fa85,river road,6,,LOC
67118a0da620e436ef12fa8e,brakeman cumb,33,,LOC
67118a0ea620e436ef12fb55,"laborer
8-1-50",3,,LOC
67118a0ea620e436ef12fc16,extra east,6,,LOC
67118a0ea620e436ef12fc37,north 234156,3,,LOC
67118a0ea620e436ef12fc46,sta brewst,3,,LOC
67118a0ea620e436ef12fc71,mt. clare junction,6,,LOC
67118a0ea620e436ef12fca9,vol,18,,LOC
67118a0fa620e436ef12fda3,roetor,3,,LOC
67118a0fa620e436ef12fdb0,mt. clare jet,6,,LOC
67118a0fa620e436ef12fe2d,bonded geographical,3,,LOC
67118a0fa620e436ef12febb,the south pleasant night,3,,LOC
67118a0fa620e436ef12ff83,"extra-$55.07 r50b
",3,,LOC
67118a10a620e436ef130084,laborer springfield,3,,LOC
67118a10a620e436ef130188,southern region,6,,LOC
67118a10a620e436ef13018e,the southern region,3,,LOC
67118a10a620e436ef1301cb,mexic,6,,LOC
67118a10a620e436ef130203,mona en,3,,LOC
67118a10a620e436ef130235,merchant(ie merchant,3,,LOC
67118a10a620e436ef130255,mt.vernon,6,,LOC
67118a10a620e436ef1302b9,scindv,3,,LOC
67118a11a620e436ef1302fc,western md. connection,3,,LOC
67118a11a620e436ef1302ff,extra east 4583,3,,LOC
67118a11a620e436ef1303a0,trucked cleveland,3,,LOC
67118a11a620e436ef1305d2,trackman sea,3,,LOC
67118a11a620e436ef1306a9,huar,3,,LOC
67118a12a620e436ef1307d8,loea sf b.,3,,LOC
67118a12a620e436ef1307ff,bay view district balto,3,,LOC
67118a12a620e436ef13083a,nh,24,,LOC
67118a12a620e436ef130863,"laborer
st.louis",3,,LOC
67118a12a620e436ef13090d,occupation helper b.&m.,3,,LOC
67118a12a620e436ef130963,bend rss533.5 bend,3,,LOC
67118a12a620e436ef1309b9,grade italy,3,,LOC
67118a12a620e436ef1309e4,draftman valley pk,3,,LOC
67118a12a620e436ef130a2a,bpsreqn,3,,LOC
67118a13a620e436ef130b6d,mt. jewett,15,,LOC
67118a13a620e436ef130c36,ballast dresser,3,,LOC
67118a13a620e436ef130c40,hyattsville,36,,LOC
67118a13a620e436ef130c7f,mt. healthy,3,,LOC
67118a13a620e436ef130cae,w dep,3,,LOC
67118a13a620e436ef130cbc,foreman toledo,6,,LOC
67118a13a620e436ef130cc9,the peckham coal and ice co.,3,,LOC
67118a13a620e436ef130dd5,"mt. airy
loc",3,,LOC
67118a13a620e436ef130de3,mt. airy junction,3,,LOC
67118a13a620e436ef130e28,smithburg,6,,LOC
67118a13a620e436ef130e2b,signal west,3,,LOC
67118a13a620e436ef130ed6,purld,6,,LOC
67118a13a620e436ef13101a,cumberland cumberland m.,3,,LOC
67118a13a620e436ef13102f,sleepy creek,3,,LOC
67118a14a620e436ef131309,the south door,3,,LOC
67118a14a620e436ef13130a,the east end of,6,,LOC
67118a14a620e436ef13130b,the curry building,3,,LOC
67118a14a620e436ef131313,transportsities,3,,LOC
67118a14a620e436ef131370,"laborer
1-24-29",3,,LOC
67118a14a620e436ef131371,"laborer
date",3,,LOC
67118a14a620e436ef131384,lake,18,,LOC
67118a14a620e436ef131476,"lanigan
married
",3,,LOC
67118a14a620e436ef131481,o. east,9,,LOC
67118a14a620e436ef1315fa,mt. clare district,6,,LOC
67118a14a620e436ef13161c,"middle rodriguez
rodriguez",3,,LOC
67118a14a620e436ef1316d8,sec lake        ,3,,LOC
67118a14a620e436ef131783,moldecification area,3,,LOC
67118a14a620e436ef13187b,mt. glenwood,3,,LOC
67118a14a620e436ef131894,helper west,3,,LOC
67118a14a620e436ef131903,west end baltimore,3,,LOC
67118a14a620e436ef131908,vine st. siding,3,,LOC
67118a14a620e436ef13197b,brothers crossover,3,,LOC
67118a14a620e436ef1319aa,tracklocker         niagara                                                                                         consol,3,,LOC
67118a14a620e436ef131b3a,"hazelton
youngstown",3,,LOC
67118a14a620e436ef131b66,.37 fmd,3,,LOC
67118a14a620e436ef131b74,salamanca central,3,,LOC
67118a14a620e436ef131b94,south x,3,,LOC
67118a14a620e436ef131ca7,statics,3,,LOC
67118a14a620e436ef131d14,mt. clare dist,3,,LOC
67118a15a620e436ef131e2f,western sub,9,,LOC
67118a15a620e436ef131f0d,contd,3,,LOC
67118a15a620e436ef131f6a,"laborer
",6,,LOC
67118a15a620e436ef131fe3,central region,15,,LOC
67118a15a620e436ef132010,"b'maker helper
helper",3,,LOC
67118a15a620e436ef1320a3,quinn middle date,3,,LOC
67118a15a620e436ef132123,the east end,9,,LOC
67118a15a620e436ef132161,"blast fum
b&o",3,,LOC
67118a15a620e436ef1321a0,masons helper,3,,LOC
67118a15a620e436ef1322fc,resau,3,,LOC
67118a15a620e436ef13231a,dubois foxburg,3,,LOC
67118a15a620e436ef13234d,battery a,3,,LOC
67118a15a620e436ef132422,inn buffalo,3,,LOC
67118a15a620e436ef13246b,location cumberland,3,,LOC
67118a15a620e436ef132500,"huron
shoals",3,,LOC
67118a15a620e436ef13250b,"kocur
",3,,LOC
67118a15a620e436ef13255d,chil.co river,6,,LOC
67118a15a620e436ef13259c,cheat haven,3,,LOC
67118a15a620e436ef1325c3,w va form,3,,LOC
67118a15a620e436ef132689,sonora,3,,LOC
67118a15a620e436ef1326c5,brakeman - west end - baltimore division,3,,LOC
67118a15a620e436ef1326de,esk,6,,LOC
67118a15a620e436ef13276f,eastward,3,,LOC
67118a15a620e436ef132825,"south
",3,,LOC
67118a15a620e436ef13284c,"san
3/2",3,,LOC
67118a15a620e436ef1328a3,north vernon north vernon .605,3,,LOC
67118a15a620e436ef1328fc,mt. airy junction wd,3,,LOC
67118a15a620e436ef132970,clay city,9,,LOC
67118a15a620e436ef1329ac,"laborer
occupation
laborer shop",3,,LOC
67118a15a620e436ef1329bf,hillside grove,3,,LOC
67118a15a620e436ef1329f6,belt slip,3,,LOC
67118a15a620e436ef1329fe,belt slip east,3,,LOC
67118a15a620e436ef1329ff,belt slip west,3,,LOC
67118a15a620e436ef132d23,incaso.,3,,LOC
67118a15a620e436ef132d55,"furlrd
r97a",3,,LOC
67118a15a620e436ef132e17,grebe louis,6,,LOC
67118a15a620e436ef132ea0,south siding,3,,LOC
67118a15a620e436ef132f85,"occupation trackman
sta",3,,LOC
67118a15a620e436ef132fc1,east north,3,,LOC
67118a15a620e436ef132fd3,johnsonburg,3,,LOC
67118a15a620e436ef132ff0,sanduaky ohio,3,,LOC
67118a16a620e436ef1331b2,"laborer
8-14-38",3,,LOC
67118a16a620e436ef1331cf,south cumberland trfd,3,,LOC
67118a16a620e436ef1332e0,east bound,3,,LOC
67118a16a620e436ef1332f3,"shoals
shoals",3,,LOC
67118a16a620e436ef133406,the third sub-division,6,,LOC
67118a16a620e436ef13341f,butler helper west,3,,LOC
67118a16a620e436ef1334ec,"sher
crnic",3,,LOC
67118a16a620e436ef13350e,location dubois,6,,LOC
67118a16a620e436ef133564,"rtfd
6-",3,,LOC
67118a16a620e436ef133610,r-763,3,,LOC
67118a16a620e436ef133660,new river,6,,LOC
67118a16a620e436ef1336b5,homestead,24,,LOC
67118a16a620e436ef1336e2,"bay
",3,,LOC
67118a16a620e436ef1337ec,mt. royal,12,,LOC
67118a16a620e436ef13397d,glenwd,3,,LOC
67118a16a620e436ef1339e5,east point,3,,LOC
67118a16a620e436ef133a1d,asia,3,,LOC
67118a16a620e436ef133a69,"laborer
8-12-46",3,,LOC
67118a16a620e436ef133aa5,riverdale,18,,LOC
67118a16a620e436ef133ab1,the western region rail gang,3,,LOC
67118a16a620e436ef133b80,"world ian
7",3,,LOC
67118a16a620e436ef133b81,aletig,3,,LOC
67118a16a620e436ef133b98,mt. p.,6,,LOC
67118a16a620e436ef133ba1,inroat statua,3,,LOC
67118a16a620e436ef133c0a,"laborer
o.s.c.",3,,LOC
67118a16a620e436ef134000,ward helper,6,,LOC
67118a16a620e436ef134001,switchman c&m,3,,LOC
67118a17a620e436ef134037,tive,6,,LOC
67118a17a620e436ef13405b,east end cumberland frt,3,,LOC
67118a17a620e436ef1340f6,hfgr,3,,LOC
67118a17a620e436ef1342a7,"nam
o. n.
roter",3,,LOC
67118a17a620e436ef13433e,"east
",3,,LOC
67118a17a620e436ef134679,"sta
1-6-43",3,,LOC
67118a17a620e436ef134746,"trucker ohio
",3,,LOC
67118a17a620e436ef134749,.18,3,,LOC
67118a17a620e436ef1347d1,mmnod,3,,LOC
67118a17a620e436ef134863,feliilled s,3,,LOC
67118a17a620e436ef134909,louis schatt,3,,LOC
67118a17a620e436ef13492c,mt. lake park,12,,LOC
67118a17a620e436ef134a0f,the east end baltimore division,12,,LOC
67118a17a620e436ef134b31,mt lake park round,6,,LOC
67118a17a620e436ef134b5a,valley main,3,,LOC
67118a17a620e436ef134be6,leave(acstg,3,,LOC
67118a17a620e436ef134be9,fulld,9,,LOC
67118a17a620e436ef134c2b,da bois,3,,LOC
67118a17a620e436ef134d26,tarr,3,,LOC
67118a17a620e436ef134de8,central district born,3,,LOC
67118a17a620e436ef134df5,central district,3,,LOC
67118a17a620e436ef134e7c,mt. airy - - r1747,3,,LOC
67118a17a620e436ef134f11,indian creek,6,,LOC
67118a17a620e436ef134f8a,mt.litella fconsolates,3,,LOC
67118a17a620e436ef134fad,n9-1-58,3,,LOC
67118a17a620e436ef135035,canyon,3,,LOC
67118a17a620e436ef135063,"inv sta
r5659a",3,,LOC
67118a17a620e436ef1350a1,"keyser
fr",3,,LOC
67118a17a620e436ef1350ee,corps west,3,,LOC
67118a17a620e436ef135157,r3603-d trfd,3,,LOC
67118a17a620e436ef135218,"laborer
10-18-56",3,,LOC
67118a17a620e436ef13521a,"laborer
5-",6,,LOC
67118a17a620e436ef135250,hayward,15,,LOC
67118a18a620e436ef1352ad,"laborer
job",3,,LOC
67118a18a620e436ef135399,tedp left,21,,LOC
67118a18a620e436ef1353d2,raily black,3,,LOC
67118a18a620e436ef135447,baggageman - west end baltimore division,3,,LOC
67118a18a620e436ef135483,r70,6,,LOC
67118a18a620e436ef1354ec,south end ivorydale yard,3,,LOC
67118a18a620e436ef135519,"phillip
middle

reed",3,,LOC
67118a18a620e436ef1355a2,port huron shunt,3,,LOC
67118a18a620e436ef1355d6,the east end-cumberland division,3,,LOC
67118a18a620e436ef1356e8,laborer        ,30,,LOC
67118a18a620e436ef135738,helper buffalo resg'd,3,,LOC
67118a18a620e436ef135927,jessamf,3,,LOC
67118a18a620e436ef135939,new height,3,,LOC
67118a18a620e436ef135988,west end effective,6,,LOC
67118a18a620e436ef13598b,mt. airy jct,6,,LOC
67118a18a620e436ef1359f1,mount pleasan  ,3,,LOC
67118a18a620e436ef135a41,distrbr mtl,3,,LOC
67118a18a620e436ef135a72,crpt,3,,LOC
67118a18a620e436ef135b8d,transportes,3,,LOC
67118a18a620e436ef135bd2,balto mt r20775-resgd,3,,LOC
67118a18a620e436ef135c76,helper lorain,3,,LOC
67118a18a620e436ef135d6c,rl0b reft,3,,LOC
67118a18a620e436ef135e33,sta helper mt. vernon,3,,LOC
67118a18a620e436ef135e8f,western signal,3,,LOC
67118a18a620e436ef135ef6,bay mr,3,,LOC
67118a18a620e436ef135f2f,deforest jct.,9,,LOC
67118a18a620e436ef135fc0,orient transfer,3,,LOC
67118a18a620e436ef136031,laborer reclamation plant,3,,LOC
67118a18a620e436ef13619e,eden,9,,LOC
67118a18a620e436ef1361fa,"laborer
cumberland",3,,LOC
67118a18a620e436ef13620b,"lavelle
middle
",3,,LOC
67118a18a620e436ef13622a,luneoln park,3,,LOC
67118a18a620e436ef136278,lake park,3,,LOC
67118a19a620e436ef1362c3,coal bay,3,,LOC
67118a19a620e436ef1362c7,"medina
medina",3,,LOC
67118a19a620e436ef1362ea,mt.lake park,3,,LOC
67118a19a620e436ef136317,extr west,3,,LOC
67118a19a620e436ef136416,helper town bkrk,3,,LOC
67118a19a620e436ef136421,"curtis bay
riverside",3,,LOC
67118a19a620e436ef1364a6,n.w. region frt,3,,LOC
67118a19a620e436ef1365f2,last shoemaker,6,,LOC
67118a19a620e436ef13664d,yd.,3,,LOC
67118a19a620e436ef136677,"rail gang
engr",3,,LOC
67118a19a620e436ef1366c5,"borpro
tex",3,,LOC
67118a19a620e436ef1366c8,finns imputation,3,,LOC
67118a19a620e436ef13670d,insur,15,,LOC
67118a19a620e436ef13675f,mt. foreman,3,,LOC
67118a19a620e436ef1367cf,m.&s.,3,,LOC
67118a19a620e436ef136891,the horn track,6,,LOC
67118a19a620e436ef1368fb,the southern district,6,,LOC
67118a19a620e436ef136a32,moftd lodges,3,,LOC
67118a19a620e436ef136a47,west virginia northern r.r.,3,,LOC
67118a19a620e436ef136a75,mach m d west,3,,LOC
67118a19a620e436ef136bb5,west hood,3,,LOC
67118a19a620e436ef136c75,frbg,6,,LOC
67118a19a620e436ef136cff,north baltimore,129,,LOC
67118a19a620e436ef136d47,aolse,3,,LOC
67118a19a620e436ef136d95,"lawrence
middle
m",3,,LOC
67118a19a620e436ef136dd3,central 35-57,3,,LOC
67118a19a620e436ef136fe2,"b&f
cumb",3,,LOC
67118a19a620e436ef13700c,northeast corner,3,,LOC
67118a19a620e436ef137010,the northeast corner,3,,LOC
67118a19a620e436ef13703d,new mo,3,,LOC
67118a19a620e436ef13711c,"steer
package",3,,LOC
67118a19a620e436ef13712a,"ivorydale
ak",3,,LOC
67118a19a620e436ef137207,north storage track,3,,LOC
67118a1aa620e436ef13724a,cyle,3,,LOC
67118a1aa620e436ef137253,ingrove grove’s,3,,LOC
67118a1aa620e436ef1373a9,yn helper 90,3,,LOC
67118a1aa620e436ef137473,h.s. middle river,3,,LOC
67118a1aa620e436ef13747f,middle river,3,,LOC
67118a1aa620e436ef137512,lf docks,3,,LOC
67118a1aa620e436ef137535,spreparer,3,,LOC
67118a1aa620e436ef13764e,allenwihle allevuville,3,,LOC
67118a1aa620e436ef13769a,n.p. railway,6,,LOC
67118a1aa620e436ef1376ff,"laborer
7-19-46",3,,LOC
67118a1aa620e436ef1377a9,the hill track,3,,LOC
67118a1aa620e436ef1377b9,"laborer 
",3,,LOC
67118a1aa620e436ef137994,east end of,3,,LOC
67118a1aa620e436ef137a3e,"bay 31
date",3,,LOC
67118a1aa620e436ef137a41,bay 31,6,,LOC
67118a1aa620e436ef137aaa,"laborer 
10-",3,,LOC
67118a1aa620e436ef137b69,motor truckop,3,,LOC
67118a1aa620e436ef137b9e,camp ct,3,,LOC
67118a1aa620e436ef137c73,vie athens,3,,LOC
67118a1aa620e436ef137d87,reroa null reroa,3,,LOC
67118a1aa620e436ef137e8e,"left
",3,,LOC
67118a1aa620e436ef137f49,columbus o.,3,,LOC
67118a1aa620e436ef137fab,midwest,3,,LOC
67118a1aa620e436ef138024,middle u. d. cert,3,,LOC
67118a1aa620e436ef1380ff,midie         ,3,,LOC
67118a1aa620e436ef13812c,mt. clare yard,12,,LOC
67118a1ba620e436ef1381fd,engineer ahrends,6,,LOC
67118a1ba620e436ef138227,laborer pataskala5-,3,,LOC
67118a1ba620e436ef138294,"w mtr
",3,,LOC
67118a1ba620e436ef1382b8,mt. clare cumbo,3,,LOC
67118a1ba620e436ef138326,"punxy
dubois",3,,LOC
67118a1ba620e436ef13834d,lake lynn,3,,LOC
67118a1ba620e436ef138444,drive ore,3,,LOC
67118a1ba620e436ef138449,cocos,3,,LOC
67118a1ba620e436ef13848f,"laborer
3-",3,,LOC
67118a1ba620e436ef138491,"brakeman
dates",3,,LOC
67118a1ba620e436ef138534,hobey st,3,,LOC
67118a1ba620e436ef13853e,w .60,3,,LOC
67118a1ba620e436ef13855e,mons b.p./o,3,,LOC
67118a1ba620e436ef13858e,suprv,3,,LOC
67118a1ba620e436ef1385f3,"curtis bay
occupation",3,,LOC
67118a1ba620e436ef1386df,dubois ft,3,,LOC
67118a1ba620e436ef13876d,ostheor,3,,LOC
67118a1ba620e436ef13880b,"12-
rg6238b
",3,,LOC
67118a1ba620e436ef138843,"laborer
9-",3,,LOC
67118a1ba620e436ef1388cf,helper fairmont,3,,LOC
67118a1ba620e436ef1388d9,"road roll
baltimore",3,,LOC
67118a1ba620e436ef13892a,k.b.s,3,,LOC
67118a1ba620e436ef1389a0,"lawrence
.12",3,,LOC
67118a1ba620e436ef1389b9,milllary sion,3,,LOC
67118a1ba620e436ef1389de,"b&f
",3,,LOC
67118a1ba620e436ef1389fa,"n22 
10/12/26",3,,LOC
67118a1ba620e436ef138a9f,mt.air tunnel,3,,LOC
67118a1ba620e436ef138b27,middle eugene,3,,LOC
67118a1ba620e436ef138b7d,date occuption,3,,LOC
67118a1ba620e436ef138bda,time east,3,,LOC
67118a1ba620e436ef138c8e,hol,3,,LOC
67118a1ba620e436ef138cb6,northwestern univ,3,,LOC
67118a1ba620e436ef138e3d,c.r.r.c.,3,,LOC
67118a1ba620e436ef138e6e,facilities buffalo,3,,LOC
67118a1ba620e436ef138e79,"ya helper
furl'd",3,,LOC
67118a1ba620e436ef138f24,resurm,3,,LOC
67118a1ba620e436ef138fc6,"cheky rta 
",3,,LOC
67118a1ba620e436ef138fc8,doris nm,3,,LOC
67118a1ba620e436ef138fca,cheky,3,,LOC
67118a1ba620e436ef138fdc,"black
gd8",3,,LOC
67118a1ba620e436ef138fe3,"east
apr.large",3,,LOC
67118a1ba620e436ef139056,helper cumbd,3,,LOC
67118a1ba620e436ef139087,the western region,3,,LOC
67118a1ba620e436ef1391b6,c. bay mt,3,,LOC
67118a1ba620e436ef1391b7,"laborer
sta",3,,LOC
67118a1ba620e436ef1391ff,eastern basin,3,,LOC
67118a1ba620e436ef139215,eastern basin bridge,6,,LOC
67118a1ca620e436ef1394c4,"miscel
",3,,LOC
67118a1ca620e436ef13951d,r3603 - returned,3,,LOC
67118a1ca620e436ef13954c,middle philllp,3,,LOC
67118a1ca620e436ef1395b8,rv404,3,,LOC
67118a1ca620e436ef139660,slo,3,,LOC
67118a1ca620e436ef1396ea,div east,3,,LOC
67118a1ca620e436ef139762,helper pittsburgh,3,,LOC
67118a1ca620e436ef139776,"reocc
sincas",3,,LOC
67118a1ca620e436ef13978d,stikes,3,,LOC
67118a1ca620e436ef139826,agqmsd,3,,LOC
67118a1da620e436ef13985f,"laborer
yd",3,,LOC
67118a1da620e436ef13986d,brakeman - west end-baltimore division,3,,LOC
67118a1da620e436ef1398ca,south end yard a,3,,LOC
67118a1da620e436ef139a4c,south yard,3,,LOC
67118a1da620e436ef139a59,herre island,3,,LOC
67118a1da620e436ef139aff,gent st,3,,LOC
67118a1da620e436ef139b0a,east end cumberland,3,,LOC
67118a1da620e436ef139be8,"baileys
r2l30a",3,,LOC
67118a1da620e436ef139c0e,indian creek valley,3,,LOC
67118a1ea620e436ef139c77,brakeman hdiguinan,3,,LOC
67118a1ea620e436ef139e84,hlpr cumberland,3,,LOC
67118a1fa620e436ef13a077,inarasite roan,3,,LOC
67118a1fa620e436ef13a087,staubman sea,3,,LOC
67118a1fa620e436ef13a0a1,location pittsburgh,3,,LOC
67118a1fa620e436ef13a113,hudson hill,3,,LOC
67118a1fa620e436ef13a25b,mt clare district,3,,LOC
67118a1fa620e436ef13a271,jacksonburg mt. w\ndept.\ndate of birth:,3,,LOC
67118a1fa620e436ef13a283,the severn west,3,,LOC
67118a20a620e436ef13a2c0,hudson,21,,LOC
67118a20a620e436ef13a2d6,"laborer
barnesville",3,,LOC
67118a20a620e436ef13a38f,c.a kennel,3,,LOC
67118a20a620e436ef13a423,nx1147 n9-14-12,3,,LOC
67118a20a620e436ef13a449,comr tenr,6,,LOC
67118a20a620e436ef13a46c,l naauchi	,3,,LOC
67118a21a620e436ef13a4b9,west end cumberland division,3,,LOC
67118a21a620e436ef13a508,potomac,12,,LOC
67118a21a620e436ef13a621,"balito
occup",3,,LOC
67118a21a620e436ef13a7f8,estes,3,,LOC
67118a21a620e436ef13a947,i.s.,6,,LOC
67118a21a620e436ef13a948,bake9,3,,LOC
67118a21a620e436ef13aa55,hectarical,3,,LOC
67118a21a620e436ef13aa69,comerio puerto rico,3,,LOC
67118a21a620e436ef13aaca,"mojave
par.sel",3,,LOC
67118a21a620e436ef13aad0,b. coast,3,,LOC
67118a22a620e436ef13abf9,stores riverside,3,,LOC
67118a22a620e436ef13ac1f,brmnt,3,,LOC
67118a22a620e436ef13ad4e,cireddu,3,,LOC
67118a22a620e436ef13ad50,p-202413,3,,LOC
67118a22a620e436ef13adba,laborer illinois,3,,LOC
67118a22a620e436ef13ae3f,"mtn
",3,,LOC
67118a22a620e436ef13af2e,".53
furlough",3,,LOC
67118a22a620e436ef13af87,cumberland area t,3,,LOC
67118a22a620e436ef13af90,mt. clare yds,3,,LOC
67118a22a620e436ef13afa9,central bay coal pr,3,,LOC
67118a22a620e436ef13afbf,western ry,3,,LOC
67118a22a620e436ef13afc0,"arr erie
",3,,LOC
67118a22a620e436ef13b061,"northern
",3,,LOC
67118a22a620e436ef13b069,grafton field,12,,LOC
67118a22a620e436ef13b097,laborer hill stow olyo,3,,LOC
67118a22a620e436ef13b220,south end crossover,3,,LOC
67118a22a620e436ef13b25d,laborer pittsburgh m. p. glenwood .46,3,,LOC
67118a22a620e436ef13b2ee,"circle, thomas",3,,LOC
67118a23a620e436ef13b426,rosaleen rosaleen,3,,LOC
67118a23a620e436ef13b48b,"greenfield
greenfield",3,,LOC
67118a23a620e436ef13b55e,kew cleveland,3,,LOC
67118a23a620e436ef13b674,furld aug30ra,3,,LOC
67118a23a620e436ef13b730,w. field,3,,LOC
67118a23a620e436ef13b844,boilermaker hlpr,3,,LOC
67118a23a620e436ef13b86d,"middle franklin
",3,,LOC
67118a23a620e436ef13b8c5,.37      ,3,,LOC
67118a23a620e436ef13b9a3,yd hpr east side,3,,LOC
67118a23a620e436ef13ba20,valley track no.,3,,LOC
67118a23a620e436ef13bb3f,soler,3,,LOC
67118a23a620e436ef13bba9,complet,3,,LOC
67118a23a620e436ef13bbff,"cooper
",3,,LOC
67118a23a620e436ef13bc00,r. cooper,3,,LOC
67118a23a620e436ef13bc1c,mt. olara,3,,LOC
67118a23a620e436ef13bcef,yd hpr,6,,LOC
67118a23a620e436ef13bde7,lincolnd j.m.b.pk,3,,LOC
67118a24a620e436ef13bee3,mt. lake,6,,LOC
67118a24a620e436ef13bf3c,the east end cumberland division yard helper's,3,,LOC
67118a24a620e436ef13bfb8,elkins .63,3,,LOC
67118a24a620e436ef13bfd1,smith st,3,,LOC
67118a24a620e436ef13bfe8,empoylm,3,,LOC
67118a24a620e436ef13bff2,locatior bay vie,3,,LOC
67118a24a620e436ef13c256,burr yds,3,,LOC
67118a24a620e436ef13c351,"lea
date",3,,LOC
67118a24a620e436ef13c3fa,southern railway train,3,,LOC
67118a24a620e436ef13c400,southern railway,3,,LOC
67118a24a620e436ef13c51f,laborer mt.clare,3,,LOC
67118a24a620e436ef13c538,"brakeman
r305a - resumed",3,,LOC
67118a24a620e436ef13c593,stq,3,,LOC
67118a24a620e436ef13c5c6,--mi fischer,3,,LOC
67118a24a620e436ef13c602,corpr l.,3,,LOC
67118a24a620e436ef13c62e,"supplyman
laborer shop",3,,LOC
67118a24a620e436ef13c62f,"supplyman
laborer",3,,LOC
67118a24a620e436ef13c6c1,carpt elpr,3,,LOC
67118a24a620e436ef13c744,south of north dayton,3,,LOC
67118a24a620e436ef13c823,east end effective,3,,LOC
67118a24a620e436ef13c828,the west yards,3,,LOC
67118a24a620e436ef13c87f,sigal helper,3,,LOC
67118a24a620e436ef13c8bb,west end freight,3,,LOC
67118a24a620e436ef13c8bc,west end -,3,,LOC
67118a24a620e436ef13c92d,"laborer
cumb
m.p.",3,,LOC
67118a24a620e436ef13c967,mount sinai hospital,3,,LOC
67118a24a620e436ef13c9ca,new river jct,3,,LOC
67118a24a620e436ef13c9cc,old river jct,3,,LOC
67118a24a620e436ef13ca8e,ant area,3,,LOC
67118a24a620e436ef13cade,the east end-baltimore division,6,,LOC
67118a24a620e436ef13cb4b,the rock track,3,,LOC
67118a24a620e436ef13cb60,"laborer
occupation",3,,LOC
67118a24a620e436ef13cbe2,"vn
stanrrusvl u",3,,LOC
67118a24a620e436ef13cc3a,b ramd,3,,LOC
67118a24a620e436ef13ccb7,ct newark,3,,LOC
67118a24a620e436ef13cd3b,mt. saint,3,,LOC
67118a24a620e436ef13cd42,"curtis bay
mt. clare",3,,LOC
67118a25a620e436ef13ce9b,mt. lake prk,3,,LOC
67118a25a620e436ef13ce9e,mountain park,3,,LOC
67118a25a620e436ef13cf56,st				,3,,LOC
67118a25a620e436ef13cf6d,transpiration location left,3,,LOC
67118a25a620e436ef13cfc6,degnan,3,,LOC
67118a25a620e436ef13d08f,eqy,3,,LOC
67118a25a620e436ef13d0a1,truckman east mtn,3,,LOC
67118a25a620e436ef13d1b4,arb'dl,3,,LOC
67118a25a620e436ef13d237,r24oi8 aggr,3,,LOC
67118a25a620e436ef13d27f,west coupler,3,,LOC
67118a25a620e436ef13d43a,the cumberland b&f roster,3,,LOC
67118a25a620e436ef13d44e,yald helper,3,,LOC
67118a25a620e436ef13d450,cem,3,,LOC
67118a25a620e436ef13d497,east end of no,3,,LOC
67118a25a620e436ef13d4f5,southern railroad,3,,LOC
67118a25a620e436ef13d4fc,cumberland east end,6,,LOC
67118a25a620e436ef13d6c5,paensville,3,,LOC
67118a25a620e436ef13d6f1,s.e,3,,LOC
67118a25a620e436ef13d6fc,timber lake,3,,LOC
67118a25a620e436ef13d767,canal st,3,,LOC
67118a25a620e436ef13d7ae,r2-7-55,3,,LOC
67118a25a620e436ef13d7dc,"laborer
7-05-2118",3,,LOC
67118a25a620e436ef13d836,r2824a- furld,3,,LOC
67118a25a620e436ef13d840,n.w.	k29,3,,LOC
67118a25a620e436ef13d946,labor hills,3,,LOC
67118a25a620e436ef13d98e,mt. guest,3,,LOC
67118a25a620e436ef13d9ae,ili,3,,LOC
67118a25a620e436ef13da29,bay view district,3,,LOC
67118a25a620e436ef13da8a,"mt
",3,,LOC
67118a25a620e436ef13dac3,west shore hs,12,,LOC
67118a25a620e436ef13dac8,"west
dates",3,,LOC
67118a25a620e436ef13db0e,sac,3,,LOC
67118a25a620e436ef13db1a,"trfd
rb5-a",3,,LOC
67118a25a620e436ef13db62,blacksmith hpr,3,,LOC
67118a25a620e436ef13db74,"laborer
fay",3,,LOC
67118a25a620e436ef13db78,"laborer
la feld",3,,LOC
67118a25a620e436ef13dba2,"supplyman
sta",6,,LOC
67118a25a620e436ef13dbc6,delphos,3,,LOC
67118a25a620e436ef13dca6,mt. sterling,6,,LOC
67118a25a620e436ef13dce5,the east side,9,,LOC
67118a25a620e436ef13dd08,etna etna,3,,LOC
67118a26a620e436ef13dd62,mt.airy,3,,LOC
67118a26a620e436ef13dd64,"p58
dob",3,,LOC
67118a26a620e436ef13ddf5,pta,15,,LOC
67118a26a620e436ef13de97,west end balto,3,,LOC
67118a26a620e436ef13dfd3,western hills viaduct,3,,LOC
67118a26a620e436ef13e0de,4057 east,3,,LOC
67118a26a620e436ef13e11d,machinist helpr,3,,LOC
67118a26a620e436ef13e28f,martins ferry,18,,LOC
67118a26a620e436ef13e31b,mfgy,3,,LOC
67118a26a620e436ef13e394,mount clare,39,,LOC
67118a26a620e436ef13e3ae,western jet,6,,LOC
67118a26a620e436ef13e3e1,north to southward main,3,,LOC
67118a26a620e436ef13e3e2,north of heel of frog,3,,LOC
67118a26a620e436ef13e474,helper .81,3,,LOC
67118a26a620e436ef13e4d9,p-2023*,3,,LOC
67118a26a620e436ef13e6ea,"laborer
laborer
freman
laborer",3,,LOC
67118a26a620e436ef13e6f8,st marys,3,,LOC
67118a26a620e436ef13e753,"laborex
laborer",3,,LOC
67118a26a620e436ef13e760,extra south,3,,LOC
67118a26a620e436ef13e7b2,"po
vd",3,,LOC
67118a26a620e436ef13e7cf,mrv,3,,LOC
67118a26a620e436ef13e930,"occupation trackman
",3,,LOC
67118a26a620e436ef13e976,south end.)rhm,3,,LOC
67118a26a620e436ef13ea0b,potomac state,3,,LOC
67118a26a620e436ef13ea14,ex-yd,3,,LOC
67118a26a620e436ef13eb0c,curtiss bay,3,,LOC
67118a26a620e436ef13eb7d,lodene sup,3,,LOC
67118a26a620e436ef13ec39,laborer stors,3,,LOC
67118a26a620e436ef13ec86,ssr-8.--6,3,,LOC
67118a26a620e436ef13ed46,resume re8b,3,,LOC
67118a26a620e436ef13edc3,grain mt.operator,3,,LOC
67118a26a620e436ef13eddc,east of west newton,3,,LOC
67118a26a620e436ef13ede0,sloan river,3,,LOC
67118a26a620e436ef13edf5,trans conn,3,,LOC
67118a26a620e436ef13ee2d,middle stanley,3,,LOC
67118a26a620e436ef13ee39,"brakeman
mar. 15",3,,LOC
67118a26a620e436ef13eec0,"laborer
b&s",3,,LOC
67118a26a620e436ef13eec1,"laborer
annex",3,,LOC
67118a26a620e436ef13eef1,"r2
8-16-19",3,,LOC
67118a26a620e436ef13eef3,"r2
1-14-20",3,,LOC
67118a26a620e436ef13eef5,"r2
1-12-21",3,,LOC
67118a26a620e436ef13eef6,"r2
1-5-22",3,,LOC
67118a26a620e436ef13ef1e,middle branch,3,,LOC
67118a26a620e436ef13ef3a,helper wheeling,3,,LOC
67118a26a620e436ef13ef6c,laborer albion,3,,LOC
67118a27a620e436ef13efc9,felues,3,,LOC
67118a27a620e436ef13f097,helper crpt,3,,LOC
67118a27a620e436ef13f22e,"lindeman
",3,,LOC
67118a27a620e436ef13f22f,"laborer
cumb",3,,LOC
67118a27a620e436ef13f290,build layout,3,,LOC
67118a27a620e436ef13f354,"ranken
rates",3,,LOC
67118a27a620e436ef13f35e,field suprv,6,,LOC
67118a27a620e436ef13f3c1,hampton junction,3,,LOC
67118a27a620e436ef13f465,suppom,3,,LOC
67118a27a620e436ef13f4a6,helper east sde,3,,LOC
67118a27a620e436ef13f523,location camden,3,,LOC
67118a27a620e436ef13f629,mt. clair,9,,LOC
67118a27a620e436ef13f711,rock charlotte,3,,LOC
67118a27a620e436ef13f776,".47
.49",3,,LOC
67118a27a620e436ef13f77f,west end storms yard,3,,LOC
67118a27a620e436ef13f95a,bay coal,3,,LOC
67118a27a620e436ef13f9f7,new york terminal area,3,,LOC
67118a27a620e436ef13fae8,"laborer
m.p.",3,,LOC
67118a27a620e436ef13fb3e,hill st.,3,,LOC
67118a27a620e436ef13fbc7,district no.,468,,LOC
67118a27a620e436ef13fbd9,bakerton hill,6,,LOC
67118a27a620e436ef13fc4f,dubois surrate,3,,LOC
67118a27a620e436ef13fc95,yem,3,,LOC
67118a27a620e436ef13fcb5,"birth 
",3,,LOC
67118a27a620e436ef13fd9e,"location
mt. clare",3,,LOC
67118a27a620e436ef13feb0,fireman middle .............,3,,LOC
67118a27a620e436ef13febe,mt.jewett yard.12,3,,LOC
67118a28a620e436ef13ffe9,fence track,3,,LOC
67118a28a620e436ef140022,supplyman operator,3,,LOC
67118a28a620e436ef140037,landing sea,3,,LOC
67118a28a620e436ef14005a,oh10,3,,LOC
67118a28a620e436ef14005b,baltic state,3,,LOC
67118a28a620e436ef1400a0,patterson creek,3,,LOC
67118a28a620e436ef1400d5,"curtis bay
department",3,,LOC
67118a28a620e436ef1400dd,"curtis bay
location",3,,LOC
67118a28a620e436ef140102,east-end-cumberland division,3,,LOC
67118a28a620e436ef14016d,ednenwood regional,3,,LOC
67118a28a620e436ef1401ab,mt.pl.-fire ct mw rend,3,,LOC
67118a28a620e436ef1403db,"fl
y",3,,LOC
67118a28a620e436ef140476,occupation trackman,3,,LOC
67118a28a620e436ef1404e0,middle carmen,3,,LOC
67118a28a620e436ef1404ef,western region,3,,LOC
67118a28a620e436ef1404f0,mddora,3,,LOC
67118a28a620e436ef140547,silver lake junction,3,,LOC
67118a28a620e436ef14061d,d-451,3,,LOC
67118a28a620e436ef1406a2,hobrey st,3,,LOC
67118a28a620e436ef14073c,ak,3,,LOC
67118a28a620e436ef14082e,"columbus o.
j. r. cremeans",3,,LOC
67118a28a620e436ef140839,laborer middle,3,,LOC
67118a28a620e436ef1408e5,.56 r5448-a furl'd,3,,LOC
67118a28a620e436ef14096a,moplined de,3,,LOC
67118a28a620e436ef1409ab,county,171,,LOC
67118a28a620e436ef140abe,welder blocher,3,,LOC
67118a28a620e436ef140ad1,east street,3,,LOC
67118a28a620e436ef140c50,district no,480,,LOC
67118a28a620e436ef140e2a,"j balita
name",3,,LOC
67118a28a620e436ef140e83,alvia,3,,LOC
67118a28a620e436ef140eb3,premises,51,,LOC
67118a28a620e436ef140ec0,kandrick,3,,LOC
67118a29a620e436ef141073,north industry o.,3,,LOC
67118a29a620e436ef1411e2,agnes,18,,LOC
67118a2aa620e436ef14136d,the mount clare,3,,LOC
67118a2aa620e436ef14136f,mt. clare station,6,,LOC
67118a2aa620e436ef1413eb,mt. clare        ,3,,LOC
67118a2aa620e436ef141484,empties,72,,LOC
67118a2aa620e436ef14162f,indiana harbor,51,,LOC
67118a2aa620e436ef14168d,location chicago,3,,LOC
67118a2aa620e436ef141691,bombay,3,,LOC
67118a2ba620e436ef141828,cedar island,3,,LOC
67118a2ba620e436ef1419cf,warsing,81,,LOC
67118a2ca620e436ef141b73,cove,3,,LOC
67118a2ca620e436ef141b9f,switrhman,3,,LOC
67118a2ca620e436ef141c4c,east louis,3,,LOC
67118a2ca620e436ef141d77,gabrielino calabria,6,,LOC
67118a2ea620e436ef14225d,northwestern,3,,LOC
67118a2ea620e436ef142372,the county of                and state,3,,LOC
67118a2ea620e436ef1424cb,north place,3,,LOC
67118a2ea620e436ef1424f0,cumberland valley railroad,30,,LOC
67118a2fa620e436ef14265c,southwest district,6,,LOC
67118a2fa620e436ef14265d,the sandy valley,6,,LOC
67118a2fa620e436ef14266d,north main st.,3,,LOC
67118a2fa620e436ef142737,alleghany,9,,LOC
67118a2fa620e436ef142754,"race st.
cumb",3,,LOC
67118a2fa620e436ef1427b2,.19 ref'd,3,,LOC
67118a2fa620e436ef142896,middle &,3,,LOC
67118a2fa620e436ef142912,"north
ago",3,,LOC
67118a2fa620e436ef142986,north mountain,3,,LOC
67118a2fa620e436ef142aef,"baggamen
en",3,,LOC
67118a2fa620e436ef142b6d,lumbo-sacral,9,,LOC
67118a2fa620e436ef142c15,east washington street,3,,LOC
67118a30a620e436ef1430ce,the terminal belt,3,,LOC
67118a30a620e436ef14345c,place newark,6,,LOC
67118a30a620e436ef143500,"bhan
date",3,,LOC
67118a30a620e436ef143600,north baltimore o.,6,,LOC
67118a30a620e436ef143634,east of hoytville,3,,LOC
67118a30a620e436ef14376e,k-xay,3,,LOC
67118a30a620e436ef143901,east broadway,3,,LOC
67118a31a620e436ef143c8a,"7th east  
dept",3,,LOC
67118a32a620e436ef143ddb,place cumberland,3,,LOC
67118a32a620e436ef144029,cook hospital-,3,,LOC
67118a32a620e436ef1440f2,grafton w va,21,,LOC
67118a33a620e436ef1441f1,monongahela river,9,,LOC
67118a33a620e436ef144236,"комениццо лайе  
1",3,,LOC
67118a36a620e436ef144ad6,place chicago,6,,LOC
67118a36a620e436ef144af0,west wye,6,,LOC
67118a36a620e436ef144b27,crystal st. chicago,3,,LOC
67118a36a620e436ef144b9f,"hammond
occupation",3,,LOC
67118a36a620e436ef144bb7,east adams,3,,LOC
67118a36a620e436ef144bbf,zona,3,,LOC
67118a36a620e436ef144e5a,the county of________belmont_,3,,LOC
67118a36a620e436ef144fe6,the reclamation plant,12,,LOC
67118a37a620e436ef145137,mt. kelly,3,,LOC
67118a37a620e436ef1453fc,central park,3,,LOC
67118a37a620e436ef1456b4,green green,6,,LOC
67118a37a620e436ef14578f,"earth s.
occupation",3,,LOC
67118a37a620e436ef145791,earth s. timson,3,,LOC
67118a38a620e436ef145b2d,dit,3,,LOC
67118a39a620e436ef145c2b,west end cumberland,3,,LOC
67118a39a620e436ef145ccb,& middle,3,,LOC
67118a39a620e436ef145cfc,the county of            ,6,,LOC
67118a39a620e436ef145d40,keepersman,6,,LOC
67118a39a620e436ef145d8f,"keyser
occupation",6,,LOC
67118a39a620e436ef145f86,mtns,3,,LOC
67118a3aa620e436ef146055,kanawha,3,,LOC
67118a3aa620e436ef146110,west lynch street,3,,LOC
67118a3aa620e436ef1461fd,valley of junction,3,,LOC
67118a3aa620e436ef146260,"coal st.
whg",3,,LOC
67118a3ca620e436ef1465ba,bay st.,3,,LOC
67118a3ca620e436ef146833,lf,6,,LOC
67118a3da620e436ef1469d2,south lake,6,,LOC
67118a3da620e436ef146b6e,east main street,6,,LOC
67118a3da620e436ef146e22,anderson cty,3,,LOC
67118a3da620e436ef146f00,"espinus minot
       ",3,,LOC
67118a3da620e436ef146f03,espinus minot,3,,LOC
67118a3ea620e436ef147310,residence north vernon,3,,LOC
67118a3ea620e436ef147428,t.a,3,,LOC
67118a3fa620e436ef1477a8,east potomac street,3,,LOC
67118a3fa620e436ef1478cf,"harrison
rewark",3,,LOC
67118a3fa620e436ef147b53,hudson avenue,3,,LOC
67118a3fa620e436ef147c0d,sheaton newark,3,,LOC
67118a3fa620e436ef147d36,mt. c,6,,LOC
67118a3fa620e436ef147d6e,track dep,3,,LOC
67118a3fa620e436ef147d8f,"s. mount st.
date",3,,LOC
67118a3fa620e436ef147dd0,mount st,3,,LOC
67118a3fa620e436ef147ff0,pd st joseph's hosp,24,,LOC
67118a3fa620e436ef14810a,no 4 east,3,,LOC
67118a3fa620e436ef14810b,s. east,3,,LOC
67118a40a620e436ef1483ca,east fairview avenue,3,,LOC
67118a40a620e436ef14847f,bonnellville pa,3,,LOC
67118a40a620e436ef1485ed,purduen,3,,LOC
67118a40a620e436ef1485f3,pennna,12,,LOC
67118a40a620e436ef148634,ulcer(coodema,3,,LOC
67118a41a620e436ef148871,mount,3,,LOC
67118a41a620e436ef148898,rouslburg,3,,LOC
67118a41a620e436ef148a26,the staten island lines,15,,LOC
67118a42a620e436ef148b81,commelle,3,,LOC
67118a42a620e436ef148d60,cawleetsburg,3,,LOC
67118a43a620e436ef148e2f,conditions,6,,LOC
67118a43a620e436ef14901e,location tygarts junction,3,,LOC
67118a44a620e436ef1490c9,settler st,3,,LOC
67118a44a620e436ef149132,location mt. clare,6,,LOC
67118a44a620e436ef1491ed,mar'ch,3,,LOC
67118a45a620e436ef1492ac,cedar st,6,,LOC
67118a45a620e436ef14932d,kanawha river  ,3,,LOC
67118a45a620e436ef1496e2,agnes hosp,3,,LOC
67118a45a620e436ef149718,location riverside,6,,LOC
67118a45a620e436ef149896,"engr
dep t. c. t.",3,,LOC
67118a45a620e436ef149922,refuge bay,3,,LOC
67118a45a620e436ef14998d,the mof w,3,,LOC
67118a46a620e436ef149b64,"9/76/1933
disablement",3,,LOC
67118a46a620e436ef149b96,"w  va  
",3,,LOC
67118a46a620e436ef149bb4,konigsville river,3,,LOC
67118a46a620e436ef149d63,east fort,3,,LOC
67118a47a620e436ef14a448,the south yard,3,,LOC
67118a48a620e436ef14a5ba,prospective field,3,,LOC
67118a48a620e436ef14a5f8,benwood wva,3,,LOC
67118a48a620e436ef14a5ff,the ohio river,9,,LOC
67118a49a620e436ef14a765,east manor st.,3,,LOC
67118a49a620e436ef14a7b9,east main st,3,,LOC
67118a49a620e436ef14a7dc,term'l valley,6,,LOC
67118a4aa620e436ef14ab31,"d. ballentore
s.",3,,LOC
67118a4ba620e436ef14ae39,axton,3,,LOC
67118a4ba620e436ef14ae77,"w  
divisioncumb",3,,LOC
67118a4ba620e436ef14afb5,mt. jackson,18,,LOC
67118a4ba620e436ef14afc0,mason state border,3,,LOC
67118a4ca620e436ef14b36d,paca streets,6,,LOC
67118a4ca620e436ef14b373,mallechen,3,,LOC
67118a4ca620e436ef14b413,"brakeman
road",3,,LOC
67118a4ca620e436ef14b65a,condri,3,,LOC
67118a4ca620e436ef14b693,"electrical axis
",3,,LOC
67118a4da620e436ef14b69e,apr a-68.05,3,,LOC
67118a4da620e436ef14b6f9,the west coast,3,,LOC
67118a4da620e436ef14b735,"west cherry st.  
age:",3,,LOC
67118a4da620e436ef14b765,juan camp,3,,LOC
67118a4da620e436ef14b775,"north ave
belanger",3,,LOC
67118a4da620e436ef14b9d9,"lake
township",3,,LOC
67118a4da620e436ef14b9ec,lake county memorial,3,,LOC
67118a4da620e436ef14bc84,mt. aiding,3,,LOC
67118a4da620e436ef14bcbc,"mt. airy md
occupation",3,,LOC
67118a4da620e436ef14bdf6,the district runs,3,,LOC
67118a4da620e436ef14be23,last s.m.e.t.,3,,LOC
67118a4da620e436ef14be29,north charles,3,,LOC
67118a4da620e436ef14be7c,mozart park,9,,LOC
67118a4da620e436ef14be89,duncan creek,3,,LOC
67118a4da620e436ef14beb4,120th marseille  ,3,,LOC
67118a4da620e436ef14bf03,north huron street,6,,LOC
67118a4da620e436ef14bf37,south vergen,3,,LOC
67118a4ea620e436ef14c08d,baltimore east end,3,,LOC
67118a4ea620e436ef14c0da,earth,3,,LOC
67118a4ea620e436ef14c383,north c. j.,3,,LOC
67118a4ea620e436ef14c3a1,"lindeman st.
tavern",3,,LOC
67118a4ea620e436ef14c4d8,south st,3,,LOC
67118a4ea620e436ef14c6cc,the lake county memorial hospital,3,,LOC
67118a4ea620e436ef14c7d1,clair st.,3,,LOC
67118a4fa620e436ef14cbb8,mount jackson,3,,LOC
67118a4fa620e436ef14cbf2,southern virginia,3,,LOC
67118a4fa620e436ef14cf18,residence newark,3,,LOC
67118a4fa620e436ef14cf5b,"north
st",3,,LOC
67118a4fa620e436ef14d079,sandusky o. finger,3,,LOC
67118a4fa620e436ef14d224,9th mysore,6,,LOC
67118a4fa620e436ef14d472,"dubois pa  

",3,,LOC
67118a4fa620e436ef14d516,"claybrook, hawkins",6,,LOC
67118a4fa620e436ef14d65c,columbus island,6,,LOC
67118a4fa620e436ef14d6b1,europe,3,,LOC
67118a4fa620e436ef14d8d6,west camden,9,,LOC
67118a4fa620e436ef14da82,mt. clare  ,3,,LOC
67118a50a620e436ef14dafb,"mt. bait
occupation",3,,LOC
67118a50a620e436ef14dbf9,"ramsey st.
occupation",3,,LOC
67118a50a620e436ef14dc38,pompiton st,3,,LOC
67118a50a620e436ef14dccb,4/18/1904,3,,LOC
67118a50a620e436ef14ddb5,clave mount,3,,LOC
67118a50a620e436ef14e2b8,"west virginia
 occupn",3,,LOC
67118a50a620e436ef14e318,trachoma,3,,LOC
67118a50a620e436ef14e38b,con't ref'd  ,3,,LOC
67118a50a620e436ef14e568,father________________________________________________________age,3,,LOC
67118a50a620e436ef14e9a1,covington st.,9,,LOC
67118a50a620e436ef14ea41,"compton st.
occupation",3,,LOC
67118a50a620e436ef14eab1,neuralgia,3,,LOC
67118a50a620e436ef14eab9,mt. clemens,3,,LOC
67118a50a620e436ef14eb8d,harrington st.,3,,LOC
67118a50a620e436ef14ec04,lonsington st.,3,,LOC
67118a50a620e436ef14ec31,rivers i.o.e.,3,,LOC
67118a50a620e436ef14ec48,"covington st
balt",3,,LOC
67118a51a620e436ef14ec83,cedano,3,,LOC
67118a51a620e436ef14ece8,corbin st,3,,LOC
67118a51a620e436ef14efb2,east state,3,,LOC
67118a51a620e436ef14efe0,n. mount lane,3,,LOC
67118a51a620e436ef14f013,east side philadelphia,3,,LOC
67118a51a620e436ef14f156,mayburg,3,,LOC
67118a52a620e436ef14f208,"philly

",3,,LOC
67118a53a620e436ef14f3d5,wilbur lake,3,,LOC
67118a53a620e436ef14f548,west view,30,,LOC
67118a53a620e436ef14f5ed,east dayton o,6,,LOC
67118a54a620e436ef14f719,occupation brakehand,3,,LOC
67118a54a620e436ef14f7e4,east dayton o.,3,,LOC
67118a55a620e436ef14fa74,w va  ,6,,LOC
67118a55a620e436ef14fb3b,"laborer 
mp",3,,LOC
67118a55a620e436ef14fb50,"laborer 
3",3,,LOC
67118a55a620e436ef14fb58,cumberdind,3,,LOC
67118a55a620e436ef14fd5d,& valley,6,,LOC
67118a56a620e436ef14fda9,jan'y,6,,LOC
67118a56a620e436ef15010c,the cherry river boom & lumber company,3,,LOC
67118a56a620e436ef150159,"clayton
date",3,,LOC
67118a56a620e436ef150318,gilbert lake,57,,LOC
67118a56a620e436ef150335,"curtis bay
date:",3,,LOC
67118a57a620e436ef15044f,"p.&t.
",3,,LOC
67118a57a620e436ef150593,mt. clare',3,,LOC
67118a57a620e436ef150792,cedar bay,3,,LOC
67118a57a620e436ef1507d9,brinsley st.,3,,LOC
67118a57a620e436ef150815,west madison,3,,LOC
67118a57a620e436ef150833,mulaney st.,3,,LOC
67118a58a620e436ef150d3e,central building,9,,LOC
67118a58a620e436ef150d45,wlm del.,3,,LOC
67118a58a620e436ef150f57,location      south east m,3,,LOC
67118a58a620e436ef1511fd,mt.c.,3,,LOC
67118a58a620e436ef151242,mt. c.,6,,LOC
67118a58a620e436ef151270,mt. clare     ,3,,LOC
67118a58a620e436ef151317,place dayton,3,,LOC
67118a58a620e436ef151321,mt. braddock,9,,LOC
67118a58a620e436ef151341,relief association?___________yes_no,3,,LOC
67118a58a620e436ef151427,africa,3,,LOC
67118a59a620e436ef1514d0,"laborer
dep",3,,LOC
67118a59a620e436ef1516c5,"cook
state",3,,LOC
67118a59a620e436ef151736,belford,153,,LOC
67118a59a620e436ef151764,bh,3,,LOC
67118a59a620e436ef151818,"young helper
hollinsburg",3,,LOC
67118a59a620e436ef151afc,dash valley,3,,LOC
67118a59a620e436ef151b90,covent,3,,LOC
67118a59a620e436ef151d89,north greene street,6,,LOC
67118a59a620e436ef1520b8,agnes hospital,6,,LOC
67118a59a620e436ef15237f,adlino,3,,LOC
67118a59a620e436ef15238f,stroffel,3,,LOC
67118a59a620e436ef1523b4,schley,3,,LOC
67118a59a620e436ef15251b,north avenue,3,,LOC
67118a59a620e436ef15255e,the valley r. r.,3,,LOC
67118a5aa620e436ef152675,wotb,3,,LOC
67118a5aa620e436ef1526ed,the staunton district,3,,LOC
67118a5aa620e436ef152844,staunton va,3,,LOC
67118a5aa620e436ef15299a,wahland ohio,3,,LOC
67118a5aa620e436ef152aee,w.-dudley,3,,LOC
67118a5aa620e436ef152b54,горболеской говерии,6,,LOC
67118a5aa620e436ef152ce4,belleville,24,,LOC
67118a5aa620e436ef152ddc,"baan 
date",3,,LOC
67118a5aa620e436ef153250,south harrison street,3,,LOC
67118a5aa620e436ef153386,east pearl,6,,LOC
67118a5aa620e436ef1534ce,bord hill,3,,LOC
67118a5aa620e436ef153592,taylors valley    ,3,,LOC
67118a5aa620e436ef15362c,the s.w. dept,3,,LOC
67118a5aa620e436ef153677,curvelle,3,,LOC
67118a5ba620e436ef1538cb,mt. krenard,6,,LOC
67118a5ba620e436ef153a35,winchester va frederick co,3,,LOC
67118a5ba620e436ef153ad4,brunswic,6,,LOC
67118a5ba620e436ef153aeb,mt. howard,3,,LOC
67118a5ba620e436ef153cb5,"w va
",3,,LOC
67118a5ba620e436ef153e38,right inguinal hernia,3,,LOC
67118a5ba620e436ef153e49,m. va 7-6,3,,LOC
67118a5ba620e436ef153e66,new martinsville   ,3,,LOC
67118a5ba620e436ef153e94,"a.r.
age",3,,LOC
67118a5ba620e436ef154308,west va  ,3,,LOC
67118a5ba620e436ef15431e,amaretsky,6,,LOC
67118a5ba620e436ef1543f8,state st.,3,,LOC
67118a5ba620e436ef15456b,reubon,3,,LOC
67118a5ba620e436ef1545df,stone haven,3,,LOC
67118a5ca620e436ef1546c7,township loudon,3,,LOC
67118a5ca620e436ef154a52,mt. clara,6,,LOC
67118a5ca620e436ef154a60,mt. olive,3,,LOC
67118a5ca620e436ef154a67,mt. house,3,,LOC
67118a5ca620e436ef154cdd,w va jan,3,,LOC
67118a5ca620e436ef154cf1,north eastern st.,3,,LOC
67118a5ca620e436ef154d5c,covent st.,3,,LOC
67118a5ca620e436ef154e1c,m s tower,3,,LOC
67118a5ca620e436ef154e2a,w va                ,3,,LOC
67118a5ca620e436ef154f51,l-bar,3,,LOC
67118a5ca620e436ef155079,district storeshcaper,3,,LOC
67118a5ca620e436ef1550ce,district stoukeeper,3,,LOC
67118a5ca620e436ef1550ee,district keeper,3,,LOC
67118a5ca620e436ef1551bd,"garrison
occupation",3,,LOC
67118a5ca620e436ef155229,& west,3,,LOC
67118a5ca620e436ef1553f5,east king,3,,LOC
67118a5ca620e436ef15543c,calaveras,6,,LOC
67118a5ca620e436ef1554c8,"west a.

witness",3,,LOC
67118a5ca620e436ef155564,"mcmechen
occupation",3,,LOC
67118a5ca620e436ef1555a2,elgano rogero,3,,LOC
67118a5ca620e436ef155668,sub-district,3,,LOC
67118a5ca620e436ef15570b,location                 east side,3,,LOC
67118a5da620e436ef15585c,"robbins drive
occupation",3,,LOC
67118a5da620e436ef1558ab,robbins drive,39,,LOC
67118a5da620e436ef155b6b,mining coal,3,,LOC
67118a5da620e436ef155bbd,w. england,3,,LOC
67118a5da620e436ef156259,lake (county,3,,LOC
67118a5ea620e436ef1569d5,mt. lorne,6,,LOC
67118a5ea620e436ef156a64,.60+,3,,LOC
67118a5ea620e436ef156ba1,haverford,3,,LOC
67118a5ea620e436ef156bc8,&nbsp,9,,LOC
67118a5ea620e436ef156da9,mt.c,3,,LOC
67118a5ea620e436ef156dbe,mt. calvary,3,,LOC
67118a5ea620e436ef156e70,mt.c.  ,3,,LOC
67118a5ea620e436ef156ed5,mt. claire,3,,LOC
67118a5ea620e436ef156ed9,mt. 6,3,,LOC
67118a5ea620e436ef156f24,the store dept,3,,LOC
67118a5ea620e436ef156f55,mt. j.,3,,LOC
67118a5ea620e436ef156fc6,mt. clares,6,,LOC
